{
  "data": {
    "parameter": {
      "id": 100,
      "Total number of energy groups": 6,
      "Total number of materials": 2,
      "Total number of pin cells": 2,
      "Total number of assemblies": 1,
      "Total number of active pin cells": 1,
      "Core":[1],
      "Number of angular discretizations": 10,
      "The l-order Legendre polynomial": 0,
      "Maximum number of iterations": 200,
      "Criterion of Keff convergence": 1.0e-5
    },
    "Assemblies": [
      {
        "id": 1,
        "name": "1",
        "assembly": [2,1,2]
      }
],
    "PinCells": [
      {
        "id": 1,
        "name": "Pu-239(a)",
        "width":[10],
        "mat_fill": [1],
        "fine_mesh": [10]
      },
      {
        "id": 2,
        "name": "H2O",
        "width":[10],
        "mat_fill": [2],
        "fine_mesh": [10]
      }
],
    "materials": [
      {
        "id": 1,
        "name": "U235-6-0-IN",
        "XSTotal": [0.139, 0.283, 0.40, 0.487, 0.782, 1.51],
        "XSNuFission": [0.00191, 0.000955, 0.0129, 0.0208, 0.0878, 0.222],
        "XSScatter Matrix":
              [[[6.299545E-2, 7.47E-2, 4.30E-4, 2.62E-7, 2.79E-8, 0.000], 
                [0.000, 1.893247E-1, 9.23E-2, 5.51E-5, 7.92E-6, 2.21E-6],
                [0.000, 0.000, 2.749369E-1, 9.12E-2, 1.29E-2, 3.72E-3],
                [0.000, 0.000, 0.000, 1.152940E-1, 3.00E-1, 5.73E-2],
                [0.000, 0.000, 0.000, 2.19E-3, 3.220751E-1, 4.08E-1],
                [0.000, 0.000, 0.000, 6.94E-9, 4.82E-2, 1.341007E+0]]],
        "XSChi": [0.7688380, 0.2310042, 0.0001581018, 0.0, 0.0, 0.0]
      },
      {
        "id": 2,
        "name": "H20-6-0-IN",
        "XSTotal": [1.610185E-01,3.336887E-01,5.317683E-01,6.515953E-01,1.059497E+00,1.984357E+00],
        "XSNuFission": [0.0, 0.0, 0.0, 0.0, 0.0, 0.0],
        "XSScatter Matrix":
   [[[6.529035E-02,9.619704E-02,5.553896E-04,3.380758E-07,3.608041E-08,0.000], 
     [0.000,1.999414E-01,1.336196E-01,7.900423E-05,1.135338E-05,3.170939E-06],
     [0.000, 0.000, 3.699083E-01, 1.369360E-01, 1.901924E-02, 5.489903E-03],
     [0.000, 0.000, 0.000, 1.751494E-01, 3.994077E-01, 7.454128E-02],
     [0.000, 0.000, 0.000, 1.374267E-03, 3.649394E-01, 6.866847E-01],
     [0.000, 0.000, 0.000, 2.352169E-09, 4.144961E-02, 1.926983E+00]]],
        "XSChi": [0.0, 0.0, 0.0, 0.0, 0.0, 0.0]
      }
    ]
  }
}















