{
  "data": {
    "parameter": {
      "id": 100,
      "Total number of energy groups": 6,
      "Total number of materials": 1,
      "Total number of pin cells": 1,
      "Total number of assemblies": 1,
      "Total number of active pin cells": 1,
      "Core":[1],
      "Number of angular discretizations": 4,
      "The l-order Legendre polynomial": 0,
      "Maximum number of iterations": 200,
      "Criterion of Keff convergence": 1.0e-5
    },
    "Assemblies": [
      {
        "id": 1,
        "name": "1",
        "assembly": [1]
      }
],
    "PinCells": [
      {
        "id": 1,
        "name": "1",
        "width":[22.00],
        "mat_fill": [1],
        "fine_mesh": [100]
      }
],
    "materials": [
      {
        "id": 1,
        "name": "U-235-6-0-IN",
        "XSTotal": [0.139, 0.283, 0.40, 0.487, 0.782, 1.51],
        "XSNuFission": [0.00191, 0.000955, 0.0129, 0.0208, 0.0878, 0.222],
        "XSScatter Matrix":
         [[[6.299545E-2, 7.47E-2, 4.30E-4, 2.62E-7, 2.79E-8, 0.000], 
           [0, 1.893247E-1, 9.23E-2, 5.51E-5, 7.92E-6, 2.21E-6],
           [0, 0.000, 2.749369E-1, 9.12E-2, 1.29E-2, 3.72E-3],
           [0, 0.000, 0.000, 1.152940E-1, 3.00E-1, 5.73E-2],
           [0.000, 0.000, 0.000, 2.19E-3, 3.220751E-1, 4.08E-1],
           [0.000, 0.000, 0.000, 6.94E-9, 4.82E-2, 1.341007E+0]]],
        "XSChi": [0.7688380, 0.2310042, 0.0001581018, 0.0, 0.0, 0.0]
      }
    ]
  }
}












