{
  "data": {
    "parameter": {
      "id": 100,
      "Total number of energy groups": 10,
      "Total number of materials": 2,
      "Total number of pin cells": 2,
      "Total number of assemblies": 1,
      "Total number of active pin cells": 1,
      "Core":[1],
      "Number of angular discretizations": 10,
      "The l-order Legendre polynomial": 0,
      "Maximum number of iterations": 200,
      "Criterion of Keff convergence": 1.0e-5
    },
    "Assemblies": [
      {
        "id": 1,
        "name": "1",
        "assembly": [2,1,2]
      }
],
    "PinCells": [
      {
        "id": 1,
        "name": "Pin cell 1",
        "width":[15],
        "mat_fill": [1],
        "fine_mesh": [10]
      },
      {
        "id": 2,
        "name": "Pin cell 2",
        "width":[20],
        "mat_fill": [2],
        "fine_mesh": [10]
      }
],
    "materials": [
      {
        "id": 1,
        "name": "fuel",
        "XSTotal": [0.691908,1.163784,1.146798,1.281052,0.35936,0.2932,0.52023,0.71652,0.43845,0.07911],
        "XSNuFission": [0, 0, 0, 0, 0, 0, 0, 0, 0, 0],
        "XSScatter Matrix":
                [[[0.24413, 0.1741, 0.051, 0.2, 0.03, 0, 0, 0, 0, 0],
                  [0.174, 0.62077, 0.224, 0.105, 0.04, 0, 0, 0, 0, 0], 
                  [0, 0.043, 0.83158, 0.152, 0.09, 0.03, 0, 0, 0, 0],
                  [0, 0, 0.074, 1.1125, 0.09, 0.001, 0, 0, 0, 0],
                  [0, 0, 0, 0.084, 0.19286, 0.0484, 0.01, 0, 0, 0],
                  [0, 0, 0, 0, 0.075, 0.11588, 0.0751, 0.02, 0, 0],
                  [0, 0, 0, 0, 0, 0.024, 0.3571, 0.123, 0.007, 0],
                  [0, 0, 0, 0, 0, 0, 0.077, 0.4542, 0.179, 0.005], 
                  [0, 0, 0, 0, 0, 0, 0, 0.065, 0.2743, 0.0987], 
                  [0, 0, 0, 0, 0, 0, 0, 0, 0.0004, 0.07421]]],
        "XSChi": [0, 0, 0, 0, 0, 0, 0, 0, 0, 0]
      },
      {
        "id": 2,
        "name": "Moderator",
        "XSTotal": [0.2245876,0.5529316,0.835548,1.4625101,0.12507,0.26377, 0.644427,0.8241506,0.28768,0.197631],
        "XSNuFission": [0.0009735,0.001153,0.01756,0.238,0.00081,0.0035,0.0123,0.024,0.005,0.0009],
        "XSScatter Matrix":
               [[[0.16094,0.05824,0.003059,0.00123,0.00042,0,0,0,0,0], 
                 [0.0325, 0.45088, 0.066442, 0.00235, 0, 0, 0, 0, 0, 0], 
                 [0, 0.1234, 0.63597, 0.057518, 0.0021, 0.001, 0, 0, 0, 0], 
                 [0, 0, 0.0006101, 1.2839, 0.0021, 0.0003, 0, 0, 0, 0],
                 [0, 0, 0, 0.001, 0.07421, 0.02176, 0.0045, 0.0021, 0, 0],
                 [0, 0, 0, 0, 0.0198, 0.2019, 0.02857, 0.0104, 0, 0],
                 [0, 0, 0, 0, 0, 0.1743, 0.3689, 0.046377, 0.0444, 0.01], 
                 [0, 0, 0, 0, 0, 0, 0.0004426, 0.30826, 0.007038, 0.5011],
                 [0, 0, 0, 0, 0, 0, 0, 0.0938, 0.1271, 0.04561],
                 [0, 0, 0, 0, 0, 0, 0, 0, 0.000201, 0.19296]]],
        "XSChi": [0.07,0.12,0.202,0.603,0.0017,0.001,0.0006,0.0004,0.0013, 0]
      }
    ]
  }
}








































